accessionNumber,formType,cik,ticker,companyName,fetchedAt,contentChars,primaryDocUrl,score,rationale,notes
0001104659-26-053166,10-K/A,0001318605,TSLA,"Tesla, Inc.",2026-04-30,691471,https://www.sec.gov/Archives/edgar/data/1318605/000110465926053166/tm2611837d1_10ka.htm,noise,"Part III amendment disclosing 2025 CEO Performance Award ($132B grant-date FV, 423.7M shares) and Implementation Agreement (4/21/26) for 2018 award following Tornetta reinstatement (12/19/25); no financial restatement or control deficiency per rubric.",Opus 4.7 label; borderline=yes (reasonable readers could argue medium given $158B in CEO comp/governance disclosure)
0001193125-26-083899,10-K,0001067983,BRK-B,Berkshire Hathaway Inc.,2026-04-16,10396820,https://www.sec.gov/Archives/edgar/data/1067983/000119312526083899/brka-20251231.htm,low,"Preprocessor extracted only Item 1 business overview and TOC for 10.4M-char filing with custom navigation; visible content shows routine holding-company structure (insurance/rail/utility), 387,800 employees, decentralized governance; no MD&A or material event surfaced in extract.",Opus 4.7 label; borderline=yes (preprocessor failure on large filing — extract may miss material content)
0001628280-26-003952,10-K,0001318605,TSLA,"Tesla, Inc.",2026-04-16,2391529,https://www.sec.gov/Archives/edgar/data/1318605/000162828026003952/tsla-20251231.htm,medium,"Robotaxi autonomous ride-hailing service launched June 2025 per Item 1; new Samsung collaboration for AI inference/training semiconductors; 6 new production lines ramping in 2026 across vehicle/Bots/energy/battery; Item 1A risk factors updated with 2025 US trade policy tariff impact.",Opus 4.7 label; borderline=no
0001058090-26-000009,10-K,0001058090,CMG,CHIPOTLE MEXICAN GRILL INC,2026-04-16,1601586,https://www.sec.gov/Archives/edgar/data/1058090/000105809026000009/cmg-20251231.htm,medium,"FY2025 comparable restaurant sales -1.7% (vs +7.4% FY2024) with transactions -2.9% per Item 7; 2026 guidance ""about flat"" comp sales — notable trajectory shift; revenue +5.4%, EPS +2.7%; labor +7.2%, occupancy +10.9%, other operating costs +11.9% (broad cost inflation).",Opus 4.7 label; borderline=no
0000070858-26-000157,10-K,0000070858,BAC,BANK OF AMERICA CORP /DE/,2026-02-25,12819060,https://www.sec.gov/Archives/edgar/data/70858/000007085826000157/bac-20251231.htm,high,"FY2025 net income $30.5B vs $27.0B (+13% YoY) and diluted EPS $3.81 vs $3.19 (+19% YoY) per Item 7; Q4 2025 retrospective accounting method change for tax-credit equity investments (affordable housing/wind/solar) per Note 1; total revenue +6.8% to $113.1B.",Opus 4.7 label; borderline=no — revised from smoke ""low"" after seeing full MD&A
0001045810-26-000021,10-K,0001045810,NVDA,NVIDIA Corporation,2026-02-25,1967816,https://www.sec.gov/Archives/edgar/data/1045810/000104581026000021/nvda-20260125.htm,high,"FY26 revenue $215.9B vs $130.5B (+65% YoY); net income $120.1B (+65%); EPS $4.90 vs $2.94 (+67%); $4.5B H20 inventory charge Q1 FY26 from April 2025 US export licensing requirement; new H200 license regime with 25% US import tariff per Item 7.",Opus 4.7 label; borderline=no
0001628280-26-010047,10-K,0000021344,KO,The Coca-Cola Company,2026-02-20,3758140,https://www.sec.gov/Archives/edgar/data/21344/000162828026010047/ko-20251231.htm,low,"Preprocessor extracted only standard impairment-testing accounting policy text and goodwill/intangibles boilerplate; BodyArmor reference (2021 acquisition, not new); no MD&A financial trajectory in extract.",Opus 4.7 label; borderline=yes — preprocessor extract may miss material content
0001628280-26-008131,10-K,0000019617,JPM,JPMorgan Chase & Co.,2026-02-13,12927325,https://www.sec.gov/Archives/edgar/data/19617/000162828026008131/jpm-20251231.htm,low,"$4.4T assets, $362.4B stockholders equity at Dec 31 2025; clean COSO internal control opinion (no material weaknesses); Dimon/Barnum unchanged; preprocessor extract didn't surface Item 7 MD&A financial trajectory.",Opus 4.7 label; borderline=yes — preprocessor extract may miss material
0001674101-26-000008,10-K,0001674101,VRT,Vertiv Holdings Co,2026-02-13,2328331,https://www.sec.gov/Archives/edgar/data/1674101/000167410126000008/vrt-20251231.htm,medium,"Order backlog $15.0B FY2025 vs $7.2B FY2024 (+108% YoY) per Item 1A — material forward demand signal for AI data-center critical infrastructure; revenue YoY not visible in extract.",Opus 4.7 label; borderline=yes (could be HIGH if FY revenue confirmed +>10%)
0001679788-26-000015,10-K,0001679788,COIN,"Coinbase Global, Inc.",2026-02-12,3216972,https://www.sec.gov/Archives/edgar/data/1679788/000167978826000015/coin-20251231.htm,medium,"December 2025 'Everything Exchange' launch expanded platform from crypto-only to multi-asset trading (stocks, commodity futures, perpetual futures, prediction markets) per Item 1 — material strategic expansion / new product offerings.",Opus 4.7 label; borderline=no
0000200406-26-000016,10-K,0000200406,JNJ,Johnson & Johnson,2026-02-11,3701587,https://www.sec.gov/Archives/edgar/data/200406/000020040626000016/jnj-20251228.htm,medium,"FY2025 STELARA sales -41.3% YoY ($6.1B vs $10.4B) per Item 7 from biosimilar competition; Immunology segment -11.8%; Intra-Cellular Therapies (CAPLYTA) acquired April 2 2025 contributing 1.1% to growth; expected OPSUMIT generic competition 2026.",Opus 4.7 label; borderline=no
0001018724-26-000004,10-K,0001018724,AMZN,"Amazon.com, Inc.",2026-02-06,1968342,https://www.sec.gov/Archives/edgar/data/1018724/000101872426000004/amzn-20251231.htm,low,"Preprocessor extract contains only Item 1 business overview (3 segments: NA, International, AWS) and competition risk boilerplate; no MD&A or financial trajectory visible.",Opus 4.7 label; borderline=yes — preprocessor extract may miss material
0001652044-26-000018,10-K,0001652044,GOOGL,Alphabet Inc.,2026-02-05,2616499,https://www.sec.gov/Archives/edgar/data/1652044/000165204426000018/goog-20251231.htm,high,"FY2025 income from operations $129B (+15% YoY); pre-tax income $158.8B (+33%); Google Cloud op income $13.9B vs $6.1B (+128%); July 4 2025 US tax law changes (immediate R&D expensing, accelerated depreciation); non-deductible EC fine + US legal settlement noted per Item 7.",Opus 4.7 label; borderline=no
0001628280-26-003942,10-K,0001326801,META,"Meta Platforms, Inc.",2026-01-29,2371750,https://www.sec.gov/Archives/edgar/data/1326801/000162828026003942/meta-20251231.htm,high,"FY2025 revenue $200.97B (+22% YoY); income from operations $83.28B (+20%); One Big Beautiful Bill Act enacted Q3 2025 — effective tax rate 30% (would have been 13% absent valuation allowance charge, 17pp swing) per Item 7.",Opus 4.7 label; borderline=no
0000320193-25-000079,10-K,0000320193,AAPL,Apple Inc.,2026-01-27,1520208,https://www.sec.gov/Archives/edgar/data/320193/000032019325000079/aapl-20250927.htm,low,"Preprocessor extract has only Item 1 Business overview (iPhone 17 Pro / Air / 17 / 16 / 16e routine product lineup) and Item 1A standard macroeconomic/trade risk factor language; no MD&A or financial trajectory in extract.",Opus 4.7 label; borderline=yes — preprocessor extract may miss material
0001679788-26-000054,10-Q,0001679788,COIN,"Coinbase Global, Inc.",2026-05-07,1560106,https://www.sec.gov/Archives/edgar/data/1679788/000167978826000054/coin-20260331.htm,low,"Routine Q1 2026: January 2026 share repurchase authorization doubled to $4B; small Jan 2 acquisition (172,780 shares issued); multiple 10b5-1 plan terminations and adoptions (Wilson, Ehrsam); no guidance change, miss, or new risk factor visible.",Opus 4.7 label; borderline=no
0001321655-26-000028,10-Q,0001321655,PLTR,Palantir Technologies Inc.,2026-05-05,1457434,https://www.sec.gov/Archives/edgar/data/1321655/000132165526000028/pltr-20260331.htm,low,"Preprocessor extract is thin (8K chars) and contains only Item 1A risk factor summary list; no MD&A or Q1 financial trajectory visible in extract.",Opus 4.7 label; borderline=yes — preprocessor extract may miss material
0001193125-26-202243,10-Q,0001067983,BRK-B,Berkshire Hathaway Inc.,2026-05-04,4949117,https://www.sec.gov/Archives/edgar/data/1067983/000119312526202243/brka-20260331.htm,medium,"Q1 2026 net earnings $10.18B vs $4.67B (+118% YoY) per Item 1 income statement — driven by smaller investment losses (-$1.6B vs -$6.4B mark-to-market on equity holdings); total revenue +4.4% YoY; underlying operating performance routine.",Opus 4.7 label; borderline=yes (mechanical accounting swing — could be low if read as routine; medium per visible EPS magnitude)
0000886982-26-000118,10-Q,0000886982,GS,GOLDMAN SACHS GROUP INC,2026-05-01,7682247,https://www.sec.gov/Archives/edgar/data/886982/000088698226000118/gs-20260331.htm,high,"December 2025 agreement to transition Apple Card program to another issuer (~24-month transition); Platform Solutions Q1 2026 net revenues $411M (-33% YoY vs $610M) reflecting Apple Card loan portfolio transferred to held-for-sale Q4 2025; major segment restructuring per Item 2.",Opus 4.7 label; borderline=no — revised from smoke ""low"" after seeing full MD&A
0000320193-26-000013,10-Q,0000320193,AAPL,Apple Inc.,2026-05-01,999810,https://www.sec.gov/Archives/edgar/data/320193/000032019326000013/aapl-20260328.htm,high,"Q2 2026 Item 1A adds NEW risk factor language not in 2025 10-K (per 'except as set forth below'): AI features increasing product-defect / safety risks, and AI-driven cyberattacks (deepfakes, automated vulnerability discovery, phishing) — rubric HIGH(c) 'NEW risk factor'.","Opus 4.7 v2 label — REVISED from initial 'low' after audit. Initial Opus labeling missed the post-'except as set forth below' content; Grok-4.3 caught it. Verified by re-reading filing at /tmp/preprocessed-0000320193-26-000013.txt"
0001628280-26-028802,10-Q,0000021344,KO,The Coca-Cola Company,2026-04-30,1532159,https://www.sec.gov/Archives/edgar/data/21344/000162828026028802/ko-20260403.htm,low,"Risk factors directs to 10-K (no new factors); routine $476M Q1 buybacks (6.3M shares); standard 10b5-1 trading plan adoptions by Mann (EVP North America) and Quincey (Chairman); no MD&A in extract.",Opus 4.7 label; borderline=yes — preprocessor extract may miss material
0001652044-26-000048,10-Q,0001652044,GOOGL,Alphabet Inc.,2026-04-30,1714713,https://www.sec.gov/Archives/edgar/data/1652044/000165204426000048/goog-20260331.htm,high,"Q1 2026 revenue $109.9B (+22% YoY); net income $62.6B (+81%); income from operations +30%; $33.6B acquisition cash outflow Q1 (Wiz closing) per Statement of Cash Flows — material M&A event.",Opus 4.7 label; borderline=no
0001628280-26-028526,10-Q,0001326801,META,"Meta Platforms, Inc.",2026-04-30,1485906,https://www.sec.gov/Archives/edgar/data/1326801/000162828026028526/meta-20260331.htm,high,"Q1 2026 revenue $56.31B (+33% YoY); income from operations $22.87B (+30%); $8.03B income tax benefit from US Corporate Alternative Minimum Tax transitional relief (Treasury Notice 2026-7) — effective tax rate (23)% vs 14% absent benefit per Item 2.",Opus 4.7 label; borderline=no
0001018724-26-000014,10-Q,0001018724,AMZN,"Amazon.com, Inc.",2026-04-30,1241244,https://www.sec.gov/Archives/edgar/data/1018724/000101872426000014/amzn-20260331.htm,low,"Preprocessor extract contains only Item 1A risk factor boilerplate (competition, expansion into new products); no MD&A or Q1 financial trajectory visible.",Opus 4.7 label; borderline=yes — preprocessor extract may miss material
0001058090-26-000028,10-Q,0001058090,CMG,CHIPOTLE MEXICAN GRILL INC,2026-04-30,826837,https://www.sec.gov/Archives/edgar/data/1058090/000105809026000028/cmg-20260331.htm,medium,"Q1 2026 Transition Agreements with Chris Brandt (CMO, 1/27/26) and Roger Theodoredis (GC, 1/30/26) per Exhibit Index — two senior executive departures within 3 days; CEO Boatwright 10b5-1 plan adopted 2/6/26; continued $700M Q1 buyback amid known comp-store pressure from 10-K.",Opus 4.7 label; borderline=no
0001193125-26-191507,10-Q,0000789019,MSFT,Microsoft Corporation,2026-04-29,7731948,https://www.sec.gov/Archives/edgar/data/789019/000119312526191507/msft-20260331.htm,high,"Q3 FY26 (March 2026) revenue $82.9B vs $70.1B (+18% YoY); net income $31.8B (+23%); diluted EPS $4.27 (+23%); 9M FY26 revenue $241.8B (+18%); property/equipment $283B (+38% vs June 2025) reflecting major AI capex per Item 1 statements.",Opus 4.7 label; borderline=no
0001628280-26-022873,10-Q,0001013237,FDS,FACTSET RESEARCH SYSTEMS INC,2026-04-27,1699980,https://www.sec.gov/Archives/edgar/data/1013237/000162828026022873/fds-20260228.htm,medium,"Q2 FY26 revenue +7.1% but net income $133.1M (-8.1% YoY); diluted EPS $3.59 (-4.5% YoY); operating margin 30.3% vs 32.5% prior year — margin compression; 'impairment charge within Other assets' per Item 2.",Opus 4.7 label; borderline=no
0000200406-26-000087,10-Q,0000200406,JNJ,Johnson & Johnson,2026-04-24,1932046,https://www.sec.gov/Archives/edgar/data/200406/000020040626000087/jnj-20260329.htm,medium,"Q1 2026 net earnings $5.24B vs $11.0B Q1 2025 (-52% YoY); diluted EPS $2.14 vs $4.54 (-53%) — lapping $7.3B 'Other income' gain in Q1 2025 (mechanical); revenue $24.1B (+10% YoY); per Item 1 income statement.",Opus 4.7 label; borderline=no
0001628280-26-026673,10-Q,0001318605,TSLA,"Tesla, Inc.",2026-04-23,1240759,https://www.sec.gov/Archives/edgar/data/1628280/000162828026026673/tsla-20260331.htm,high,"Q1 2026 total revenue $22.4B (+16% YoY); income from operations $941M (+136% vs $399M); Services revenue $3.7B (+42% YoY reflecting Robotaxi launch); Energy gen/storage -12%; $94M new restructuring charge (none in Q1 2025) per Item 1.",Opus 4.7 label; borderline=no
0001628280-26-026556,10-Q,0001674101,VRT,Vertiv Holdings Co,2026-04-22,1120639,https://www.sec.gov/Archives/edgar/data/1628280/000162828026026556/vrt-20260331.htm,high,"Q1 2026 added NEW risk factor (not in 2025 10-K) per Item 1A: 'Restrictive covenants in the credit agreement governing our Senior Unsecured Revolving Credit Facility and the indentures governing our Senior Secured Notes and Senior Notes' — debt covenant disclosure addition.",Opus 4.7 label; borderline=yes (rubric reads HIGH for ""new risk factor"" but spirit could be medium given non-catastrophic covenant disclosure)
